Headline,Link
Japan voting for new leader in shadow of scandals,https://www.bbc.com/news/articles/c8xpev42g78o
How my investigation led to sex trafficking charges against ex-Abercrombie boss,https://www.bbc.com/news/articles/cly07l2ppkeo
‘Not my King’ protest row highlights Australian divisions,https://www.bbc.com/news/articles/cje3eqe8kvno
Georgia's pro-EU opposition says vote stolen as ruling party claims victory,https://www.bbc.com/news/articles/c3wqq6l99w3o
How Diana's trips to homeless shelter changed Prince William,https://www.bbc.com/news/articles/clyv6nd5dgxo
How my investigation led to sex trafficking charges against ex-Abercrombie boss,https://www.bbc.com/news/articles/cly07l2ppkeo
Michelle Obama makes fiery pitch on abortion as Trump courts support from Muslim leaders,https://www.bbc.com/news/live/c87x011e0q3t
A puff on a joint - then six months of forced rehab in a concrete cell,https://www.bbc.com/news/articles/cx251p55le8o
Jeremy Bowen: Iran faces hard choices between risks of escalation or looking weak,https://www.bbc.com/news/articles/cm2742rynqgo
‘Not my King’ protest row highlights Australian divisions,https://www.bbc.com/news/articles/cje3eqe8kvno
Dozens injured after truck hits bus stop in central Israel,https://www.bbc.com/news/articles/cdj33rwlyepo
Katty Kay: What’s really behind America’s men v women election,https://www.bbc.com/news/articles/cjr430gry81o
BBC correspondent: I fled Gaza but I'm overwhelmed by guilt about family still there,https://www.bbc.com/news/articles/c04pvn6gg52o
King Charles returning to 'normal' schedule next year,https://www.bbc.com/news/articles/cx2450lw731o
Papal summit ends with call for leadership roles for women,https://www.bbc.com/news/articles/cd6vv47d0lqo
Conflict in the Middle East,No link available
What we know about Israel’s attack on Iran,https://www.bbc.com/news/articles/cgr0yvrx4qpo
Gaza’s only concert grand piano becomes image of hope,https://www.bbc.com/news/articles/ce8151n1elno
Lebanese father describes moment Israeli missile left toddler with third-degree burns,https://www.bbc.com/news/articles/ckgvnyevmr5o
"Gaza war's 'darkest moment' unfolding in north, UN says",https://www.bbc.com/news/articles/cz0m4xlg093o
Why has Israel attacked Iran?,https://www.bbc.com/news/world-middle-east-68811276
More to explore,No link available
"Pixies: 'The more you try to recapture youth, the sillier it sounds'",https://www.bbc.com/news/articles/cgk1y6zg8jno
Rising Punjabi star is living the dream with UK tour,https://www.bbc.com/news/articles/cze3512wjdxo
UK town gets ready to celebrate 30th anniversary of goth weekend,https://www.bbc.com/news/articles/c99v3vnxg4do
A party in power for 58 years pledges change for Botswana,https://www.bbc.com/news/articles/c99r0842803o
"In three-hour Rogan interview, Trump reveals 'biggest mistake'",https://www.bbc.com/news/articles/cy8nn0913e8o
Rising Punjabi star is living the dream with UK tour,https://www.bbc.com/news/articles/cze3512wjdxo
'I married the train driver who saved my life',https://www.bbc.com/news/articles/cn7ml33pn0zo
The hybrid workers seeking fulfilment in the fields,https://www.bbc.com/news/articles/cr7nrk0zdz3o
UK town gets ready to celebrate 30th anniversary of goth weekend,https://www.bbc.com/news/articles/c99v3vnxg4do
US election,No link available
What are Harris and Trump's policies?,https://www.bbc.com/news/articles/cwy343z53l1o
Ros Atkins on… Would Donald Trump accept defeat?,https://www.bbc.com/news/videos/clyr87g3j31o
Beyoncé urges Americans to 'sing a new song' as she backs Harris in US election,https://www.bbc.com/news/videos/cz9xpzeqq4po
A simple guide to the US 2024 presidential election,https://www.bbc.com/news/world-us-canada-67285325
Who is ahead in the polls - Harris or Trump?,https://www.bbc.com/news/articles/cj4x71znwxdo
Most watched,No link available
Ros Atkins on… Would Donald Trump accept defeat?,https://www.bbc.com/news/videos/clyr87g3j31o
Strikes on Tehran another big escalation - Jeremy Bowen,https://www.bbc.com/news/videos/cd7nx1yvd79o
Rare footage of a cartel gun battle near US-Mexico border,https://www.bbc.com/news/videos/c0lpwk7yj0yo
Beyoncé urges Americans to 'sing a new song' at Harris rally,https://www.bbc.com/news/videos/cz9xpzeqq4po
'It's long overdue' - Biden apologises over Indian boarding schools,https://www.bbc.com/news/videos/cj6kedr6dg1o
Also in news,No link available
"Time has come for slavery reparations dialogue, Commonwealth heads agree",https://www.bbc.com/news/articles/c207m3m0xpjo
How an online predator thousands of miles away destroyed a US family,https://www.bbc.com/news/articles/crejr8grr01o
Backlash over photos of Somali men at UN women’s conference,https://www.bbc.com/news/articles/cyv7yngpg94o
Pikachus everywhere: Fans flock to UK's biggest gaming expo,https://www.bbc.com/news/articles/cy0ggry2ke9o
Twice homeless millionaire tops UK black power list,https://www.bbc.com/news/articles/c4g2eplxgklo
How an online predator thousands of miles away destroyed a US family,https://www.bbc.com/news/articles/crejr8grr01o
"Faces, hands and sunshine: Photos of the week",https://www.bbc.com/news/articles/cvgexqjyz3lo
Lost Silk Road cities discovered in Uzbek mountains,https://www.bbc.com/news/articles/c238kv8ddeyo
Backlash over photos of Somali men at UN women’s conference,https://www.bbc.com/news/articles/cyv7yngpg94o
Most read,No link available
A puff on a joint - then six months of forced rehab in a concrete cell,https://www.bbc.com/news/articles/cx251p55le8o
How Diana's trips to homeless shelter changed Prince William,https://www.bbc.com/news/articles/clyv6nd5dgxo
US election polls: Who is ahead - Harris or Trump?,https://www.bbc.com/news/articles/cj4x71znwxdo
How my investigation led to sex trafficking charges against ex-Abercrombie boss,https://www.bbc.com/news/articles/cly07l2ppkeo
Bowen: Iran faces hard choices between risks of escalation or looking weak,https://www.bbc.com/news/articles/cm2742rynqgo
Dozens injured after truck hits bus stop in central Israel,https://www.bbc.com/news/articles/cdj33rwlyepo
'We took on Google and they were forced to pay out £2bn',https://www.bbc.com/news/articles/cjr431lr72jo
What we know about Israel’s attack on Iran,https://www.bbc.com/news/articles/cgr0yvrx4qpo
Georgia's pro-EU opposition says vote stolen as ruling party claims victory,https://www.bbc.com/news/articles/c3wqq6l99w3o
"In three-hour Rogan interview, Trump reveals 'biggest mistake'",https://www.bbc.com/news/articles/cy8nn0913e8o
Sport,No link available
Arsenal v Liverpool: Gunners underdogs? Salah to shine?,https://www.bbc.com/sport/football/articles/cpqdj7pelwqo
"Pope, Stokes & bowlers - five talking points from Pakistan",https://www.bbc.com/sport/cricket/articles/cy7dden45z3o
Yamamoto helps Dodgers take 2-0 World Series lead,https://www.bbc.com/sport/baseball/articles/cvg779enke8o
Why Slot's Liverpool still have a lot to learn - Benitez,https://www.bbc.com/sport/football/articles/cj4vd2ddwj9o
James and Davis help Lakers extend winning start,https://www.bbc.com/sport/basketball/articles/c1knnz98rrmo
"Pope, Stokes & bowlers - five talking points from Pakistan",https://www.bbc.com/sport/cricket/articles/cy7dden45z3o
Ruthless Barcelona thrash Real Madrid to go six points clear,https://www.bbc.com/sport/football/live/cqjrjjrz5dgt
"Sainz on Mexico City pole, but Norris 'happy' with third",https://www.bbc.com/sport/formula1/articles/cx288rrn172o
Yamamoto helps Dodgers take 2-0 World Series lead,https://www.bbc.com/sport/baseball/articles/cvg779enke8o
